{"images/Canvas%20T%20Shirt.jpg":["images/Canvas%20T%20Shirt.jpg"],"images/New%20Direction%20Men's%20Stripe-Sleeve%20Track%20Jacket.jpg":["images/New%20Direction%20Men's%20Stripe-Sleeve%20Track%20Jacket.jpg"],"images/No%20Texting%20while%20WALKING%20Women's%20Lounge%20Cropped%20Tee.jpg":["images/No%20Texting%20while%20WALKING%20Women's%20Lounge%20Cropped%20Tee.jpg"],"images/Pedestrian%20Vibes%20Women's%20Slip-On%20Canvas%20Shoe.jpg":["images/Pedestrian%20Vibes%20Women's%20Slip-On%20Canvas%20Shoe.jpg"],"images/Stop%20and%20Think%20Women's%20V-Neck%20Tee.jpg":["images/Stop%20and%20Think%20Women's%20V-Neck%20Tee.jpg"],"images/Traffic-Safety-2021-Webinars.jpg":["images/Traffic-Safety-2021-Webinars.jpg"],"images/logo.png":["images/logo.png"],"images/school_vest.jpg":["images/school_vest.jpg"],"packages/cupertino_icons/assets/CupertinoIcons.ttf":["packages/cupertino_icons/assets/CupertinoIcons.ttf"],"packages/flutter_inappwebview/t_rex_runner/t-rex.css":["packages/flutter_inappwebview/t_rex_runner/t-rex.css"],"packages/flutter_inappwebview/t_rex_runner/t-rex.html":["packages/flutter_inappwebview/t_rex_runner/t-rex.html"],"packages/youtube_player_flutter/assets/speedometer.webp":["packages/youtube_player_flutter/assets/speedometer.webp"]}